Track;Position;No;Driver;Team;Starting Grid;Laps;Time/Retired;Points;Set Fastest Lap;Fastest Lap Time;Formula 1 Championship
Bahrain;1;1;Max Verstappen;Red Bull Racing Honda RBPT;1;57;1:33:56.736;25;No;1:36.236;2023
Bahrain;2;11;Sergio Perez;Red Bull Racing Honda RBPT;2;57;+11.987;18;No;1:36.344;2023
Bahrain;3;14;Fernando Alonso;Aston Martin Aramco Mercedes;5;57;+38.637;15;No;1:36.156;2023
Bahrain;4;55;Carlos Sainz;Ferrari;4;57;+48.052;12;No;1:37.130;2023
Bahrain;5;44;Lewis Hamilton;Mercedes;7;57;+50.977;10;No;1:36.546;2023
Bahrain;6;18;Lance Stroll;Aston Martin Aramco Mercedes;8;57;+54.502;8;No;1:36.546;2023
Bahrain;7;63;George Russell;Mercedes;6;57;+55.873;6;No;1:37.221;2023
Bahrain;8;77;Valtteri Bottas;Alfa Romeo Ferrari;12;57;+72.647;4;No;1:37.379;2023
Bahrain;9;10;Pierre Gasly;Alpine Renault;20;57;+73.753;2;No;1:35.068;2023
Bahrain;10;23;Alexander Albon;Williams Mercedes;15;57;+89.774;1;No;1:37.144;2023
Bahrain;11;22;Yuki Tsunoda;AlphaTauri Honda RBPT;14;57;+90.870;0;No;1:36.637;2023
Bahrain;12;2;Logan Sargeant;Williams Mercedes;16;56;+1 lap;0;No;1:36.037;2023
Bahrain;13;20;Kevin Magnussen;Haas Ferrari;17;56;+1 lap;0;No;1:36.471;2023
Bahrain;14;21;Nyck De Vries;AlphaTauri Honda RBPT;19;56;+1 lap;0;No;1:37.709;2023
Bahrain;15;27;Nico Hulkenberg;Haas Ferrari;10;56;+1 lap;0;No;1:36.616;2023
Bahrain;16;24;Guanyu Zhou;Alfa Romeo Ferrari;13;56;+1 lap;0;Yes;1:33.996;2023
Bahrain;17;4;Lando Norris;McLaren Mercedes;11;55;+2 laps;0;No;1:35.822;2023
Bahrain;NC;31;Esteban Ocon;Alpine Renault;9;41;DNF;0;No;1:36.797;2023
Bahrain;NC;16;Charles Leclerc;Ferrari;3;39;DNF;0;No;1:37.170;2023
Bahrain;NC;81;Oscar Piastri;McLaren Mercedes;18;13;DNF;0;No;1:40.691;2023
Saudi Arabia;1;11;Sergio Perez;Red Bull Racing Honda RBPT;1;50;1:21:14.894;25;No;1:32.188;2023
Saudi Arabia;2;1;Max Verstappen;Red Bull Racing Honda RBPT;15;50;+5.335;19;Yes;1:31.906;2023
Saudi Arabia;3;14;Fernando Alonso;Aston Martin Aramco Mercedes;2;50;+20.728;15;No;1:32.240;2023
Saudi Arabia;4;63;George Russell;Mercedes;3;50;+25.866;12;No;1:32.433;2023
Saudi Arabia;5;44;Lewis Hamilton;Mercedes;7;50;+31.065;10;No;1:32.941;2023
Saudi Arabia;6;55;Carlos Sainz;Ferrari;4;50;+35.876;8;No;1:32.822;2023
Saudi Arabia;7;16;Charles Leclerc;Ferrari;12;50;+43.162;6;No;1:33.056;2023
Saudi Arabia;8;31;Esteban Ocon;Alpine Renault;6;50;+52.832;4;No;1:33.222;2023
Saudi Arabia;9;10;Pierre Gasly;Alpine Renault;9;50;+54.747;2;No;1:33.392;2023
Saudi Arabia;10;20;Kevin Magnussen;Haas Ferrari;13;50;+64.826;1;No;1:33.374;2023
Saudi Arabia;11;22;Yuki Tsunoda;AlphaTauri Honda RBPT;16;50;+67.494;0;No;1:33.931;2023
Saudi Arabia;12;27;Nico Hulkenberg;Haas Ferrari;10;50;+70.588;0;No;1:33.780;2023
Saudi Arabia;13;24;Guanyu Zhou;Alfa Romeo Ferrari;11;50;+76.060;0;No;1:33.894;2023
Saudi Arabia;14;21;Nyck De Vries;AlphaTauri Honda RBPT;18;50;+77.478;0;No;1:33.609;2023
Saudi Arabia;15;81;Oscar Piastri;McLaren Mercedes;8;50;+85.021;0;No;1:34.287;2023
Saudi Arabia;16;2;Logan Sargeant;Williams Mercedes;20;50;+86.293;0;No;1:34.469;2023
Saudi Arabia;17;4;Lando Norris;McLaren Mercedes;19;50;+86.445;0;No;1:34.122;2023
Saudi Arabia;18;77;Valtteri Bottas;Alfa Romeo Ferrari;14;49;+1 lap;0;No;1:34.384;2023
Saudi Arabia;NC;23;Alexander Albon;Williams Mercedes;17;27;DNF;0;No;1:35.567;2023
Saudi Arabia;NC;18;Lance Stroll;Aston Martin Aramco Mercedes;5;16;DNF;0;No;1:35.140;2023
Australia;1;1;Max Verstappen;Red Bull Racing Honda RBPT;1;58;2:32:28.371;25;No;1:20.342;2023
Australia;2;44;Lewis Hamilton;Mercedes;3;58;+0.179;18;No;1:20.613;2023
Australia;3;14;Fernando Alonso;Aston Martin Aramco Mercedes;4;58;+0.769;15;No;1:20.476;2023
Australia;4;18;Lance Stroll;Aston Martin Aramco Mercedes;6;58;+3.082;12;No;1:20.934;2023
Australia;5;11;Sergio Perez;Red Bull Racing Honda RBPT;20;58;+3.320;11;Yes;1:20.235;2023
Australia;6;4;Lando Norris;McLaren Mercedes;13;58;+3.701;8;No;1:21.173;2023
Australia;7;27;Nico Hulkenberg;Haas Ferrari;10;58;+4.939;6;No;1:21.124;2023
Australia;8;81;Oscar Piastri;McLaren Mercedes;16;58;+5.382;4;No;1:21.335;2023
Australia;9;24;Guanyu Zhou;Alfa Romeo Ferrari;17;58;+5.713;2;No;1:21.819;2023
Australia;10;22;Yuki Tsunoda;AlphaTauri Honda RBPT;12;58;+6.052;1;No;1:21.789;2023
Australia;11;77;Valtteri Bottas;Alfa Romeo Ferrari;19;58;+6.513;0;No;1:22.233;2023
Australia;12;55;Carlos Sainz;Ferrari;5;58;+6.594;0;No;1:20.467;2023
Australia;13;10;Pierre Gasly;Alpine Renault;9;56;DNF;0;No;1:20.995;2023
Australia;14;31;Esteban Ocon;Alpine Renault;11;56;DNF;0;No;1:21.203;2023
Australia;15;21;Nyck De Vries;AlphaTauri Honda RBPT;15;56;DNF;0;No;1:21.183;2023
Australia;16;2;Logan Sargeant;Williams Mercedes;18;56;DNF;0;No;1:21.456;2023
Australia;17;20;Kevin Magnussen;Haas Ferrari;14;52;DNF;0;No;1:21.685;2023
Australia;NC;63;George Russell;Mercedes;2;17;DNF;0;No;1:22.680;2023
Australia;NC;23;Alexander Albon;Williams Mercedes;8;6;DNF;0;No;1:23.349;2023
Australia;NC;16;Charles Leclerc;Ferrari;7;0;DNF;0;No;;2023
Azerbaijan;1;11;Sergio Perez;Red Bull Racing Honda RBPT;3;51;1:32:42.436;25;No;1:44.589;2023
Azerbaijan;2;1;Max Verstappen;Red Bull Racing Honda RBPT;2;51;+2.137;18;No;1:44.232;2023
Azerbaijan;3;16;Charles Leclerc;Ferrari;1;51;+21.217;15;No;1:44.561;2023
Azerbaijan;4;14;Fernando Alonso;Aston Martin Aramco Mercedes;6;51;+22.024;12;No;1:44.241;2023
Azerbaijan;5;55;Carlos Sainz;Ferrari;4;51;+45.491;10;No;1:45.175;2023
Azerbaijan;6;44;Lewis Hamilton;Mercedes;5;51;+46.145;8;No;1:45.346;2023
Azerbaijan;7;18;Lance Stroll;Aston Martin Aramco Mercedes;9;51;+51.617;6;No;1:45.627;2023
Azerbaijan;8;63;George Russell;Mercedes;11;51;+74.240;5;Yes;1:43.370;2023
Azerbaijan;9;4;Lando Norris;McLaren Mercedes;7;51;+80.376;2;No;1:45.738;2023
Azerbaijan;10;22;Yuki Tsunoda;AlphaTauri Honda RBPT;8;51;+83.862;1;No;1:45.727;2023
Azerbaijan;11;81;Oscar Piastri;McLaren Mercedes;10;51;+86.501;0;No;1:45.631;2023
Azerbaijan;12;23;Alexander Albon;Williams Mercedes;12;51;+88.623;0;No;1:45.925;2023
Azerbaijan;13;20;Kevin Magnussen;Haas Ferrari;16;51;+89.729;0;No;1:45.850;2023
Azerbaijan;14;10;Pierre Gasly;Alpine Renault;17;51;+91.332;0;No;1:45.540;2023
Azerbaijan;15;31;Esteban Ocon;Alpine Renault;19;51;+97.794;0;No;1:45.908;2023
Azerbaijan;16;2;Logan Sargeant;Williams Mercedes;14;51;+100.943;0;No;1:46.501;2023
Azerbaijan;17;27;Nico Hulkenberg;Haas Ferrari;20;50;+1 lap;0;No;1:46.731;2023
Azerbaijan;18;77;Valtteri Bottas;Alfa Romeo Ferrari;13;50;+1 lap;0;No;1:46.304;2023
Azerbaijan;NC;24;Guanyu Zhou;Alfa Romeo Ferrari;15;36;DNF;0;No;1:47.553;2023
Azerbaijan;NC;21;Nyck De Vries;AlphaTauri Honda RBPT;18;9;DNF;0;No;1:48.781;2023
Miami;1;1;Max Verstappen;Red Bull Racing Honda RBPT;9;57;1:27:38.241;26;Yes;1:29.708;2023
Miami;2;11;Sergio Perez;Red Bull Racing Honda RBPT;1;57;+5.384;18;No;1:30.560;2023
Miami;3;14;Fernando Alonso;Aston Martin Aramco Mercedes;2;57;+26.305;15;No;1:30.519;2023
Miami;4;63;George Russell;Mercedes;6;57;+33.229;12;No;1:31.015;2023
Miami;5;55;Carlos Sainz;Ferrari;3;57;+42.511;10;No;1:31.362;2023
Miami;6;44;Lewis Hamilton;Mercedes;13;57;+51.249;8;No;1:30.669;2023
Miami;7;16;Charles Leclerc;Ferrari;7;57;+52.988;6;No;1:31.434;2023
Miami;8;10;Pierre Gasly;Alpine Renault;5;57;+55.670;4;No;1:31.971;2023
Miami;9;31;Esteban Ocon;Alpine Renault;8;57;+58.123;2;No;1:31.143;2023
Miami;10;20;Kevin Magnussen;Haas Ferrari;4;57;+62.945;1;No;1:31.691;2023
Miami;11;22;Yuki Tsunoda;AlphaTauri Honda RBPT;17;57;+64.309;0;No;1:31.038;2023
Miami;12;18;Lance Stroll;Aston Martin Aramco Mercedes;18;57;+64.754;0;No;1:30.862;2023
Miami;13;77;Valtteri Bottas;Alfa Romeo Ferrari;10;57;+71.637;0;No;1:31.838;2023
Miami;14;23;Alexander Albon;Williams Mercedes;11;57;+72.861;0;No;1:31.852;2023
Miami;15;27;Nico Hulkenberg;Haas Ferrari;12;57;+74.950;0;No;1:30.901;2023
Miami;16;24;Guanyu Zhou;Alfa Romeo Ferrari;14;57;+78.440;0;No;1:31.736;2023
Miami;17;4;Lando Norris;McLaren Mercedes;16;57;+87.717;0;No;1:32.401;2023
Miami;18;21;Nyck De Vries;AlphaTauri Honda RBPT;15;57;+88.949;0;No;1:31.562;2023
Miami;19;81;Oscar Piastri;McLaren Mercedes;19;56;+1 lap;0;No;1:32.006;2023
Miami;20;2;Logan Sargeant;Williams Mercedes;20;56;+1 lap;0;No;1:32.384;2023
Monaco;1;1;Max Verstappen;Red Bull Racing Honda RBPT;1;78;1:48:51.980;25;No;1:16.604;2023
Monaco;2;14;Fernando Alonso;Aston Martin Aramco Mercedes;2;78;+27.921;18;No;1:16.674;2023
Monaco;3;31;Esteban Ocon;Alpine Renault;3;78;+36.990;15;No;1:16.528;2023
Monaco;4;44;Lewis Hamilton;Mercedes;5;78;+39.062;13;Yes;1:15.650;2023
Monaco;5;63;George Russell;Mercedes;8;78;+56.284;10;No;1:16.798;2023
Monaco;6;16;Charles Leclerc;Ferrari;6;78;+61.890;8;No;1:15.773;2023
Monaco;7;10;Pierre Gasly;Alpine Renault;7;78;+62.362;6;No;1:15.831;2023
Monaco;8;55;Carlos Sainz;Ferrari;4;78;+63.391;4;No;1:16.449;2023
Monaco;9;4;Lando Norris;McLaren Mercedes;10;77;+1 lap;2;No;1:17.844;2023
Monaco;10;81;Oscar Piastri;McLaren Mercedes;11;77;+1 lap;1;No;1:17.513;2023
Monaco;11;77;Valtteri Bottas;Alfa Romeo Ferrari;15;77;+1 lap;0;No;1:17.824;2023
Monaco;12;21;Nyck De Vries;AlphaTauri Honda RBPT;12;77;+1 lap;0;No;1:17.561;2023
Monaco;13;24;Guanyu Zhou;Alfa Romeo Ferrari;19;77;+1 lap;0;No;1:16.926;2023
Monaco;14;23;Alexander Albon;Williams Mercedes;13;77;+1 lap;0;No;1:16.672;2023
Monaco;15;22;Yuki Tsunoda;AlphaTauri Honda RBPT;9;76;+2 laps;0;No;1:17.680;2023
Monaco;16;11;Sergio Perez;Red Bull Racing Honda RBPT;20;76;+2 laps;0;No;1:16.269;2023
Monaco;17;27;Nico Hulkenberg;Haas Ferrari;18;76;+2 laps;0;No;1:16.991;2023
Monaco;18;2;Logan Sargeant;Williams Mercedes;16;76;+2 laps;0;No;1:17.302;2023
Monaco;19;20;Kevin Magnussen;Haas Ferrari;17;70;DNF;0;No;1:18.351;2023
Monaco;NC;18;Lance Stroll;Aston Martin Aramco Mercedes;14;53;DNF;0;No;1:17.769;2023
Spain;1;1;Max Verstappen;Red Bull Racing Honda RBPT;1;66;1:27:57.940;26;Yes;1:16.330;2023
Spain;2;44;Lewis Hamilton;Mercedes;4;66;+24.090;18;No;1:16.676;2023
Spain;3;63;George Russell;Mercedes;12;66;+32.389;15;No;1:17.875;2023
Spain;4;11;Sergio Perez;Red Bull Racing Honda RBPT;11;66;+35.812;12;No;1:16.666;2023
Spain;5;55;Carlos Sainz;Ferrari;2;66;+45.698;10;No;1:18.403;2023
Spain;6;18;Lance Stroll;Aston Martin Aramco Mercedes;5;66;+63.320;8;No;1:18.722;2023
Spain;7;14;Fernando Alonso;Aston Martin Aramco Mercedes;8;66;+64.127;6;No;1:18.083;2023
Spain;8;31;Esteban Ocon;Alpine Renault;6;66;+69.242;4;No;1:18.946;2023
Spain;9;24;Guanyu Zhou;Alfa Romeo Ferrari;13;66;+71.878;2;No;1:18.753;2023
Spain;10;10;Pierre Gasly;Alpine Renault;10;66;+73.530;1;No;1:18.375;2023
Spain;11;16;Charles Leclerc;Ferrari;19;66;+74.419;0;No;1:18.357;2023
Spain;12;22;Yuki Tsunoda;AlphaTauri Honda RBPT;15;66;+75.416;0;No;1:18.904;2023
Spain;13;81;Oscar Piastri;McLaren Mercedes;9;65;+1 lap;0;No;1:18.679;2023
Spain;14;21;Nyck De Vries;AlphaTauri Honda RBPT;14;65;+1 lap;0;No;1:18.594;2023
Spain;15;27;Nico Hulkenberg;Haas Ferrari;7;65;+1 lap;0;No;1:18.776;2023
Spain;16;23;Alexander Albon;Williams Mercedes;18;65;+1 lap;0;No;1:19.133;2023
Spain;17;4;Lando Norris;McLaren Mercedes;3;65;+1 lap;0;No;1:17.182;2023
Spain;18;20;Kevin Magnussen;Haas Ferrari;17;65;+1 lap;0;No;1:18.069;2023
Spain;19;77;Valtteri Bottas;Alfa Romeo Ferrari;16;65;+1 lap;0;No;1:18.242;2023
Spain;20;2;Logan Sargeant;Williams Mercedes;20;65;+1 lap;0;No;1:19.247;2023
Canada;1;1;Max Verstappen;Red Bull Racing Honda RBPT;1;70;1:33:58.348;25;No;1:15.594;2023
Canada;2;14;Fernando Alonso;Aston Martin Aramco Mercedes;2;70;+9.570;18;No;1:15.779;2023
Canada;3;44;Lewis Hamilton;Mercedes;3;70;+14.168;15;No;1:15.396;2023
Canada;4;16;Charles Leclerc;Ferrari;10;70;+18.648;12;No;1:15.907;2023
Canada;5;55;Carlos Sainz;Ferrari;11;70;+21.540;10;No;1:15.911;2023
Canada;6;11;Sergio Perez;Red Bull Racing Honda RBPT;12;70;+51.028;9;Yes;1:14.481;2023
Canada;7;23;Alexander Albon;Williams Mercedes;9;70;+60.813;6;No;1:16.917;2023
Canada;8;31;Esteban Ocon;Alpine Renault;6;70;+61.692;4;No;1:16.782;2023
Canada;9;18;Lance Stroll;Aston Martin Aramco Mercedes;16;70;+64.402;2;No;1:16.564;2023
Canada;10;77;Valtteri Bottas;Alfa Romeo Ferrari;14;70;+64.432;1;No;1:16.625;2023
Canada;11;81;Oscar Piastri;McLaren Mercedes;8;70;+65.101;0;No;1:16.598;2023
Canada;12;10;Pierre Gasly;Alpine Renault;15;70;+65.249;0;No;1:16.425;2023
Canada;13;4;Lando Norris;McLaren Mercedes;7;70;+68.363;0;No;1:16.374;2023
Canada;14;22;Yuki Tsunoda;AlphaTauri Honda RBPT;19;70;+73.423;0;No;1:16.666;2023
Canada;15;27;Nico Hulkenberg;Haas Ferrari;5;69;+1 lap;0;No;1:17.232;2023
Canada;16;24;Guanyu Zhou;Alfa Romeo Ferrari;20;69;+1 lap;0;No;1:17.090;2023
Canada;17;20;Kevin Magnussen;Haas Ferrari;13;69;+1 lap;0;No;1:16.126;2023
Canada;18;21;Nyck De Vries;AlphaTauri Honda RBPT;17;69;+1 lap;0;No;1:16.656;2023
Canada;NC;63;George Russell;Mercedes;4;53;DNF;0;No;1:17.097;2023
Canada;NC;2;Logan Sargeant;Williams Mercedes;18;6;DNF;0;No;1:18.437;2023
Austria;1;1;Max Verstappen;Red Bull Racing Honda RBPT;1;71;1:25:33.607;26;Yes;1:07.012;2023
Austria;2;16;Charles Leclerc;Ferrari;2;71;+5.155;18;No;1:08.820;2023
Austria;3;11;Sergio Perez;Red Bull Racing Honda RBPT;15;71;+17.188;15;No;1:08.111;2023
Austria;4;4;Lando Norris;McLaren Mercedes;4;71;+26.327;12;No;1:08.739;2023
Austria;5;14;Fernando Alonso;Aston Martin Aramco Mercedes;7;71;+30.317;10;No;1:09.108;2023
Austria;6;55;Carlos Sainz;Ferrari;3;71;+31.377;8;No;1:08.880;2023
Austria;7;63;George Russell;Mercedes;11;71;+48.403;6;No;1:09.283;2023
Austria;8;44;Lewis Hamilton;Mercedes;5;71;+49.196;4;No;1:09.160;2023
Austria;9;18;Lance Stroll;Aston Martin Aramco Mercedes;6;71;+59.043;2;No;1:08.463;2023
Austria;10;10;Pierre Gasly;Alpine Renault;9;71;+67.667;1;No;1:09.046;2023
Austria;11;23;Alexander Albon;Williams Mercedes;10;71;+79.767;0;No;1:09.560;2023
Austria;12;24;Guanyu Zhou;Alfa Romeo Ferrari;17;70;+1 lap;0;No;1:09.786;2023
Austria;13;2;Logan Sargeant;Williams Mercedes;18;70;+1 lap;0;No;1:09.611;2023
Austria;14;31;Esteban Ocon;Alpine Renault;12;70;+1 lap;0;No;1:09.797;2023
Austria;15;77;Valtteri Bottas;Alfa Romeo Ferrari;14;70;+1 lap;0;No;1:09.940;2023
Austria;16;81;Oscar Piastri;McLaren Mercedes;13;70;+1 lap;0;No;1:09.862;2023
Austria;17;21;Nyck De Vries;AlphaTauri Honda RBPT;20;70;+1 lap;0;No;1:09.852;2023
Austria;18;20;Kevin Magnussen;Haas Ferrari;19;70;+1 lap;0;No;1:10.176;2023
Austria;19;22;Yuki Tsunoda;AlphaTauri Honda RBPT;16;70;+1 lap;0;No;1:09.620;2023
Austria;NC;27;Nico Hulkenberg;Haas Ferrari;8;12;DNF;0;No;1:11.066;2023
Great Britain;1;1;Max Verstappen;Red Bull Racing Honda RBPT;1;52;1:25:16.938;26;Yes;1:30.275;2023
Great Britain;2;4;Lando Norris;McLaren Mercedes;2;52;+3.798;18;No;1:30.543;2023
Great Britain;3;44;Lewis Hamilton;Mercedes;7;52;+6.783;15;No;1:30.545;2023
Great Britain;4;81;Oscar Piastri;McLaren Mercedes;3;52;+7.776;12;No;1:30.850;2023
Great Britain;5;63;George Russell;Mercedes;6;52;+11.206;10;No;1:31.124;2023
Great Britain;6;11;Sergio Perez;Red Bull Racing Honda RBPT;15;52;+12.882;8;No;1:30.914;2023
Great Britain;7;14;Fernando Alonso;Aston Martin Aramco Mercedes;9;52;+17.193;6;No;1:31.338;2023
Great Britain;8;23;Alexander Albon;Williams Mercedes;8;52;+17.878;4;No;1:31.273;2023
Great Britain;9;16;Charles Leclerc;Ferrari;4;52;+18.689;2;No;1:31.255;2023
Great Britain;10;55;Carlos Sainz;Ferrari;5;52;+19.448;1;No;1:31.366;2023
Great Britain;11;2;Logan Sargeant;Williams Mercedes;14;52;+23.632;0;No;1:31.699;2023
Great Britain;12;77;Valtteri Bottas;Alfa Romeo Ferrari;20;52;+25.830;0;No;1:31.852;2023
Great Britain;13;27;Nico Hulkenberg;Haas Ferrari;11;52;+26.663;0;No;1:31.776;2023
Great Britain;14;18;Lance Stroll;Aston Martin Aramco Mercedes;12;52;+27.483;0;No;1:31.508;2023
Great Britain;15;24;Guanyu Zhou;Alfa Romeo Ferrari;17;52;+29.820;0;No;1:31.769;2023
Great Britain;16;22;Yuki Tsunoda;AlphaTauri Honda RBPT;16;52;+31.225;0;No;1:32.084;2023
Great Britain;17;21;Nyck De Vries;AlphaTauri Honda RBPT;18;52;+33.128;0;No;1:32.353;2023
Great Britain;18;10;Pierre Gasly;Alpine Renault;10;46;DNF;0;No;1:31.539;2023
Great Britain;NC;20;Kevin Magnussen;Haas Ferrari;19;31;DNF;0;No;1:33.356;2023
Great Britain;NC;31;Esteban Ocon;Alpine Renault;13;9;DNF;0;No;1:33.941;2023
Hungary;1;1;Max Verstappen;Red Bull Racing Honda RBPT;2;70;1:38:08.634;26;Yes;1:20.504;2023
Hungary;2;4;Lando Norris;McLaren Mercedes;3;70;+33.731;18;No;1:22.178;2023
Hungary;3;11;Sergio Perez;Red Bull Racing Honda RBPT;9;70;+37.603;15;No;1:22.295;2023
Hungary;4;44;Lewis Hamilton;Mercedes;1;70;+39.134;12;No;1:21.601;2023
Hungary;5;81;Oscar Piastri;McLaren Mercedes;4;70;+62.572;10;No;1:22.736;2023
Hungary;6;63;George Russell;Mercedes;18;70;+65.825;8;No;1:22.158;2023
Hungary;7;16;Charles Leclerc;Ferrari;6;70;+70.317;6;No;1:22.469;2023
Hungary;8;55;Carlos Sainz;Ferrari;11;70;+71.073;4;No;1:22.584;2023
Hungary;9;14;Fernando Alonso;Aston Martin Aramco Mercedes;8;70;+75.709;2;No;1:22.745;2023
Hungary;10;18;Lance Stroll;Aston Martin Aramco Mercedes;14;69;+1 lap;1;No;1:23.425;2023
Hungary;11;23;Alexander Albon;Williams Mercedes;16;69;+1 lap;0;No;1:24.051;2023
Hungary;12;77;Valtteri Bottas;Alfa Romeo Ferrari;7;69;+1 lap;0;No;1:23.651;2023
Hungary;13;3;Daniel Ricciardo;AlphaTauri Honda RBPT;13;69;+1 lap;0;No;1:23.934;2023
Hungary;14;27;Nico Hulkenberg;Haas Ferrari;10;69;+1 lap;0;No;1:23.573;2023
Hungary;15;22;Yuki Tsunoda;AlphaTauri Honda RBPT;17;69;+1 lap;0;No;1:23.269;2023
Hungary;16;24;Guanyu Zhou;Alfa Romeo Ferrari;5;69;+1 lap;0;No;1:23.743;2023
Hungary;17;20;Kevin Magnussen;Haas Ferrari;19;69;+1 lap;0;No;1:23.864;2023
Hungary;18;2;Logan Sargeant;Williams Mercedes;20;67;DNF;0;No;1:23.496;2023
Hungary;NC;31;Esteban Ocon;Alpine Renault;12;2;DNF;0;No;;2023
Hungary;NC;10;Pierre Gasly;Alpine Renault;15;1;DNF;0;No;;2023
Belgium;1;1;Max Verstappen;Red Bull Racing Honda RBPT;6;44;1:22:30.450;25;No;1:48.922;2023
Belgium;2;11;Sergio Perez;Red Bull Racing Honda RBPT;2;44;+22.305;18;No;1:50.308;2023
Belgium;3;16;Charles Leclerc;Ferrari;1;44;+32.259;15;No;1:50.436;2023
Belgium;4;44;Lewis Hamilton;Mercedes;3;44;+49.671;13;Yes;1:47.305;2023
Belgium;5;14;Fernando Alonso;Aston Martin Aramco Mercedes;9;44;+56.184;10;No;1:50.938;2023
Belgium;6;63;George Russell;Mercedes;8;44;+63.101;8;No;1:50.603;2023
Belgium;7;4;Lando Norris;McLaren Mercedes;7;44;+73.719;6;No;1:51.682;2023
Belgium;8;31;Esteban Ocon;Alpine Renault;14;44;+74.719;4;No;1:50.439;2023
Belgium;9;18;Lance Stroll;Aston Martin Aramco Mercedes;10;44;+79.340;2;No;1:51.297;2023
Belgium;10;22;Yuki Tsunoda;AlphaTauri Honda RBPT;11;44;+80.221;1;No;1:51.394;2023
Belgium;11;10;Pierre Gasly;Alpine Renault;12;44;+83.084;0;No;1:50.911;2023
Belgium;12;77;Valtteri Bottas;Alfa Romeo Ferrari;13;44;+85.191;0;No;1:50.515;2023
Belgium;13;24;Guanyu Zhou;Alfa Romeo Ferrari;17;44;+95.441;0;No;1:50.188;2023
Belgium;14;23;Alexander Albon;Williams Mercedes;15;44;+96.184;0;No;1:49.841;2023
Belgium;15;20;Kevin Magnussen;Haas Ferrari;16;44;+101.754;0;No;1:50.993;2023
Belgium;16;3;Daniel Ricciardo;AlphaTauri Honda RBPT;19;44;+103.071;0;No;1:50.994;2023
Belgium;17;2;Logan Sargeant;Williams Mercedes;18;44;+104.476;0;No;1:50.486;2023
Belgium;18;27;Nico Hulkenberg;Haas Ferrari;20;44;+110.450;0;No;1:49.907;2023
Belgium;NC;55;Carlos Sainz;Ferrari;4;23;DNF;0;No;1:53.138;2023
Belgium;NC;81;Oscar Piastri;McLaren Mercedes;5;0;DNF;0;No;;2023
Netherlands;1;1;Max Verstappen;Red Bull Racing Honda RBPT;1;72;2:24:04.411;25;No;1:13.889;2023
Netherlands;2;14;Fernando Alonso;Aston Martin Aramco Mercedes;5;72;+3.744;19;Yes;1:13.837;2023
Netherlands;3;10;Pierre Gasly;Alpine Renault;12;72;+7.058;15;No;1:14.441;2023
Netherlands;4;11;Sergio Perez;Red Bull Racing Honda RBPT;7;72;+10.068;12;No;1:14.231;2023
Netherlands;5;55;Carlos Sainz;Ferrari;6;72;+12.541;10;No;1:14.934;2023
Netherlands;6;44;Lewis Hamilton;Mercedes;13;72;+13.209;8;No;1:13.904;2023
Netherlands;7;4;Lando Norris;McLaren Mercedes;2;72;+13.232;6;No;1:14.390;2023
Netherlands;8;23;Alexander Albon;Williams Mercedes;4;72;+15.155;4;No;1:14.468;2023
Netherlands;9;81;Oscar Piastri;McLaren Mercedes;8;72;+16.580;2;No;1:14.299;2023
Netherlands;10;31;Esteban Ocon;Alpine Renault;16;72;+18.346;1;No;1:14.570;2023
Netherlands;11;18;Lance Stroll;Aston Martin Aramco Mercedes;11;72;+20.087;0;No;1:15.171;2023
Netherlands;12;27;Nico Hulkenberg;Haas Ferrari;14;72;+20.840;0;No;1:14.472;2023
Netherlands;13;40;Liam Lawson;AlphaTauri Honda RBPT;19;72;+26.147;0;No;1:14.820;2023
Netherlands;14;77;Valtteri Bottas;Alfa Romeo Ferrari;18;72;+27.388;0;No;1:14.698;2023
Netherlands;15;22;Yuki Tsunoda;AlphaTauri Honda RBPT;17;72;+29.893;0;No;1:16.253;2023
Netherlands;16;20;Kevin Magnussen;Haas Ferrari;20;72;+31.410;0;No;1:15.489;2023
Netherlands;17;63;George Russell;Mercedes;3;72;+55.754;0;No;1:15.124;2023
Netherlands;NC;24;Guanyu Zhou;Alfa Romeo Ferrari;15;62;DNF;0;No;1:15.417;2023
Netherlands;NC;16;Charles Leclerc;Ferrari;9;41;DNF;0;No;1:17.277;2023
Netherlands;NC;2;Logan Sargeant;Williams Mercedes;10;14;DNF;0;No;1:17.399;2023
Italy;1;1;Max Verstappen;Red Bull Racing Honda RBPT;2;51;1:13:41.143;25;No;1:25.240;2023
Italy;2;11;Sergio Perez;Red Bull Racing Honda RBPT;5;51;+6.064;18;No;1:25.522;2023
Italy;3;55;Carlos Sainz;Ferrari;1;51;+11.193;15;No;1:25.501;2023
Italy;4;16;Charles Leclerc;Ferrari;3;51;+11.377;12;No;1:25.580;2023
Italy;5;63;George Russell;Mercedes;4;51;+23.028;10;No;1:25.847;2023
Italy;6;44;Lewis Hamilton;Mercedes;8;51;+42.679;8;No;1:25.582;2023
Italy;7;23;Alexander Albon;Williams Mercedes;6;51;+45.106;6;No;1:26.389;2023
Italy;8;4;Lando Norris;McLaren Mercedes;9;51;+45.449;4;No;1:26.144;2023
Italy;9;14;Fernando Alonso;Aston Martin Aramco Mercedes;10;51;+46.294;2;No;1:26.105;2023
Italy;10;77;Valtteri Bottas;Alfa Romeo Ferrari;14;51;+64.056;1;No;1:25.988;2023
Italy;11;40;Liam Lawson;AlphaTauri Honda RBPT;12;51;+70.638;0;No;1:25.842;2023
Italy;12;81;Oscar Piastri;McLaren Mercedes;7;51;+73.074;0;Yes;1:25.072;2023
Italy;13;2;Logan Sargeant;Williams Mercedes;15;51;+78.557;0;No;1:26.840;2023
Italy;14;24;Guanyu Zhou;Alfa Romeo Ferrari;16;51;+80.164;0;No;1:25.983;2023
Italy;15;10;Pierre Gasly;Alpine Renault;17;51;+82.510;0;No;1:25.758;2023
Italy;16;18;Lance Stroll;Aston Martin Aramco Mercedes;20;51;+87.266;0;No;1:26.617;2023
Italy;17;27;Nico Hulkenberg;Haas Ferrari;13;50;+1 lap;0;No;1:25.894;2023
Italy;18;20;Kevin Magnussen;Haas Ferrari;19;50;+1 lap;0;No;1:26.278;2023
Italy;NC;31;Esteban Ocon;Alpine Renault;18;39;DNF;0;No;1:26.963;2023
Italy;NC;22;Yuki Tsunoda;AlphaTauri Honda RBPT;11;0;DNS;0;No;;2023
Singapore;1;55;Carlos Sainz;Ferrari;1;62;1:46:37.418;25;No;1:37.666;2023
Singapore;2;4;Lando Norris;McLaren Mercedes;4;62;+0.812;18;No;1:38.046;2023
Singapore;3;44;Lewis Hamilton;Mercedes;5;62;+1.269;16;Yes;1:35.867;2023
Singapore;4;16;Charles Leclerc;Ferrari;3;62;+21.177;12;No;1:38.275;2023
Singapore;5;1;Max Verstappen;Red Bull Racing Honda RBPT;11;62;+21.441;10;No;1:36.575;2023
Singapore;6;10;Pierre Gasly;Alpine Renault;12;62;+38.441;8;No;1:38.277;2023
Singapore;7;81;Oscar Piastri;McLaren Mercedes;17;62;+41.479;6;No;1:38.492;2023
Singapore;8;11;Sergio Perez;Red Bull Racing Honda RBPT;13;62;+54.534;4;No;1:37.108;2023
Singapore;9;40;Liam Lawson;AlphaTauri Honda RBPT;10;62;+65.918;2;No;1:39.028;2023
Singapore;10;20;Kevin Magnussen;Haas Ferrari;6;62;+72.116;1;No;1:38.107;2023
Singapore;11;23;Alexander Albon;Williams Mercedes;14;62;+73.417;0;No;1:37.342;2023
Singapore;12;24;Guanyu Zhou;Alfa Romeo Ferrari;19;62;+83.649;0;No;1:39.316;2023
Singapore;13;27;Nico Hulkenberg;Haas Ferrari;9;62;+85.201;0;No;1:39.923;2023
Singapore;14;2;Logan Sargeant;Williams Mercedes;18;62;+86.889;0;No;1:38.531;2023
Singapore;15;14;Fernando Alonso;Aston Martin Aramco Mercedes;7;62;+87.603;0;No;1:36.456;2023
Singapore;16;63;George Russell;Mercedes;2;61;DNF;0;No;1:36.273;2023
Singapore;NC;77;Valtteri Bottas;Alfa Romeo Ferrari;16;51;DNF;0;No;1:38.075;2023
Singapore;NC;31;Esteban Ocon;Alpine Renault;8;42;DNF;0;No;1:39.930;2023
Singapore;NC;22;Yuki Tsunoda;AlphaTauri Honda RBPT;15;0;DNF;0;No;;2023
Singapore;NC;18;Lance Stroll;Aston Martin Aramco Mercedes;20;0;DNS;0;No;;2023
Japan;1;1;Max Verstappen;Red Bull Racing Honda RBPT;1;53;1:30:58.421;26;Yes;1:34.183;2023
Japan;2;4;Lando Norris;McLaren Mercedes;3;53;+19.387;18;No;1:35.247;2023
Japan;3;81;Oscar Piastri;McLaren Mercedes;2;53;+36.494;15;No;1:36.328;2023
Japan;4;16;Charles Leclerc;Ferrari;4;53;+43.998;12;No;1:36.362;2023
Japan;5;44;Lewis Hamilton;Mercedes;7;53;+49.376;10;No;1:35.611;2023
Japan;6;55;Carlos Sainz;Ferrari;6;53;+50.221;8;No;1:36.187;2023
Japan;7;63;George Russell;Mercedes;8;53;+57.659;6;No;1:37.653;2023
Japan;8;14;Fernando Alonso;Aston Martin Aramco Mercedes;10;53;+74.725;4;No;1:37.203;2023
Japan;9;31;Esteban Ocon;Alpine Renault;14;53;+79.678;2;No;1:37.398;2023
Japan;10;10;Pierre Gasly;Alpine Renault;12;53;+83.155;1;No;1:36.371;2023
Japan;11;40;Liam Lawson;AlphaTauri Honda RBPT;11;52;+1 lap;0;No;1:38.267;2023
Japan;12;22;Yuki Tsunoda;AlphaTauri Honda RBPT;9;52;+1 lap;0;No;1:37.768;2023
Japan;13;24;Guanyu Zhou;Alfa Romeo Ferrari;19;52;+1 lap;0;No;1:37.791;2023
Japan;14;27;Nico Hulkenberg;Haas Ferrari;18;52;+1 lap;0;No;1:37.250;2023
Japan;15;20;Kevin Magnussen;Haas Ferrari;15;52;+1 lap;0;No;1:37.842;2023
Japan;NC;23;Alexander Albon;Williams Mercedes;13;26;DNF;0;No;1:39.185;2023
Japan;NC;2;Logan Sargeant;Williams Mercedes;20;22;DNF;0;No;1:38.848;2023
Japan;NC;18;Lance Stroll;Aston Martin Aramco Mercedes;17;20;DNF;0;No;1:39.050;2023
Japan;NC;11;Sergio Perez;Red Bull Racing Honda RBPT;5;15;DNF;0;No;1:39.704;2023
Japan;NC;77;Valtteri Bottas;Alfa Romeo Ferrari;16;7;DNF;0;No;2:02.755;2023
Qatar;1;1;Max Verstappen;Red Bull Racing Honda RBPT;1;57;1:27:39.168;26;Yes;1:24.319;2023
Qatar;2;81;Oscar Piastri;McLaren Mercedes;6;57;+4.833;18;No;1:24.921;2023
Qatar;3;4;Lando Norris;McLaren Mercedes;10;57;+5.969;15;No;1:24.842;2023
Qatar;4;63;George Russell;Mercedes;2;57;+34.119;12;No;1:25.770;2023
Qatar;5;16;Charles Leclerc;Ferrari;5;57;+38.976;10;No;1:24.992;2023
Qatar;6;14;Fernando Alonso;Aston Martin Aramco Mercedes;4;57;+49.032;8;No;1:26.045;2023
Qatar;7;31;Esteban Ocon;Alpine Renault;8;57;+62.390;6;No;1:26.450;2023
Qatar;8;77;Valtteri Bottas;Alfa Romeo Ferrari;9;57;+66.563;4;No;1:26.652;2023
Qatar;9;24;Guanyu Zhou;Alfa Romeo Ferrari;19;57;+76.127;2;No;1:26.323;2023
Qatar;10;11;Sergio Perez;Red Bull Racing Honda RBPT;20;57;+80.181;1;No;1:26.220;2023
Qatar;11;18;Lance Stroll;Aston Martin Aramco Mercedes;16;57;+81.652;0;No;1:26.352;2023
Qatar;12;10;Pierre Gasly;Alpine Renault;7;57;+82.300;0;No;1:26.310;2023
Qatar;13;23;Alexander Albon;Williams Mercedes;13;57;+91.014;0;No;1:26.666;2023
Qatar;14;20;Kevin Magnussen;Haas Ferrari;18;56;+1 lap;0;No;1:27.067;2023
Qatar;15;22;Yuki Tsunoda;AlphaTauri Honda RBPT;11;56;+1 lap;0;No;1:27.174;2023
Qatar;16;27;Nico Hulkenberg;Haas Ferrari;14;56;+1 lap;0;No;1:26.499;2023
Qatar;17;40;Liam Lawson;AlphaTauri Honda RBPT;17;56;+1 lap;0;No;1:27.113;2023
Qatar;NC;2;Logan Sargeant;Williams Mercedes;15;40;DNF;0;No;1:27.983;2023
Qatar;NC;44;Lewis Hamilton;Mercedes;3;0;DNF;0;No;;2023
Qatar;NC;55;Carlos Sainz;Ferrari;12;0;DNS;0;No;;2023
United States;1;1;Max Verstappen;Red Bull Racing Honda RBPT;6;56;1:35:21.362;25;No;1:40.028;2023
United States;DQ;44;Lewis Hamilton;Mercedes;3;56;+2.225;0;No;1:39.582;2023
United States;2;4;Lando Norris;McLaren Mercedes;2;56;+10.730;18;No;1:39.985;2023
United States;3;55;Carlos Sainz;Ferrari;4;56;+15.134;15;No;1:40.034;2023
United States;4;11;Sergio Perez;Red Bull Racing Honda RBPT;9;56;+18.460;12;No;1:39.737;2023
United States;DQ;16;Charles Leclerc;Ferrari;1;56;+24.662;0;No;1:41.025;2023
United States;5;63;George Russell;Mercedes;5;56;+24.999;10;No;1:39.393;2023
United States;6;10;Pierre Gasly;Alpine Renault;7;56;+47.996;8;No;1:40.412;2023
United States;7;18;Lance Stroll;Aston Martin Aramco Mercedes;20;56;+48.696;6;No;1:39.908;2023
United States;8;22;Yuki Tsunoda;AlphaTauri Honda RBPT;11;56;+74.385;5;Yes;1:38.139;2023
United States;9;23;Alexander Albon;Williams Mercedes;15;56;+86.714;2;No;1:41.371;2023
United States;10;2;Logan Sargeant;Williams Mercedes;16;56;+87.998;1;No;1:41.238;2023
United States;11;27;Nico Hulkenberg;Haas Ferrari;18;56;+89.904;0;No;1:40.925;2023
United States;12;77;Valtteri Bottas;Alfa Romeo Ferrari;13;56;+98.601;0;No;1:41.972;2023
United States;13;24;Guanyu Zhou;Alfa Romeo Ferrari;12;55;+1 lap;0;No;1:41.879;2023
United States;14;20;Kevin Magnussen;Haas Ferrari;17;55;+1 lap;0;No;1:41.506;2023
United States;15;3;Daniel Ricciardo;AlphaTauri Honda RBPT;14;55;+1 lap;0;No;1:39.366;2023
United States;NC;14;Fernando Alonso;Aston Martin Aramco Mercedes;19;49;DNF;0;No;1:39.954;2023
United States;NC;81;Oscar Piastri;McLaren Mercedes;10;10;DNF;0;No;1:42.705;2023
United States;NC;31;Esteban Ocon;Alpine Renault;8;6;DNF;0;No;1:44.789;2023
Mexico;1;1;Max Verstappen;Red Bull Racing Honda RBPT;3;71;2:02:30.814;25;No;1:21.644;2023
Mexico;2;44;Lewis Hamilton;Mercedes;6;71;+13.875;19;Yes;1:21.334;2023
Mexico;3;16;Charles Leclerc;Ferrari;1;71;+23.124;15;No;1:22.332;2023
Mexico;4;55;Carlos Sainz;Ferrari;2;71;+27.154;12;No;1:22.539;2023
Mexico;5;4;Lando Norris;McLaren Mercedes;17;71;+33.266;10;No;1:21.944;2023
Mexico;6;63;George Russell;Mercedes;8;71;+41.020;8;No;1:22.780;2023
Mexico;7;3;Daniel Ricciardo;AlphaTauri Honda RBPT;4;71;+41.570;6;No;1:22.679;2023
Mexico;8;81;Oscar Piastri;McLaren Mercedes;7;71;+43.104;4;No;1:22.760;2023
Mexico;9;23;Alexander Albon;Williams Mercedes;14;71;+48.573;2;No;1:22.773;2023
Mexico;10;31;Esteban Ocon;Alpine Renault;15;71;+62.879;1;No;1:22.976;2023
Mexico;11;10;Pierre Gasly;Alpine Renault;11;71;+66.208;0;No;1:23.230;2023
Mexico;12;22;Yuki Tsunoda;AlphaTauri Honda RBPT;18;71;+78.982;0;No;1:22.501;2023
Mexico;13;27;Nico Hulkenberg;Haas Ferrari;12;71;+80.309;0;No;1:23.222;2023
Mexico;14;24;Guanyu Zhou;Alfa Romeo Ferrari;10;71;+81.676;0;No;1:23.567;2023
Mexico;15;77;Valtteri Bottas;Alfa Romeo Ferrari;9;71;+85.597;0;No;1:23.166;2023
Mexico;16;2;Logan Sargeant;Williams Mercedes;19;70;DNF;0;No;1:23.003;2023
Mexico;17;18;Lance Stroll;Aston Martin Aramco Mercedes;20;66;DNF;0;No;1:23.257;2023
Mexico;NC;14;Fernando Alonso;Aston Martin Aramco Mercedes;13;47;DNF;0;No;1:23.531;2023
Mexico;NC;20;Kevin Magnussen;Haas Ferrari;16;31;DNF;0;No;1:23.146;2023
Mexico;NC;11;Sergio Perez;Red Bull Racing Honda RBPT;5;1;DNF;0;No;;2023
Brazil;1;1;Max Verstappen;Red Bull Racing Honda RBPT;1;71;1:56:48.894;25;No;1:13.422;2023
Brazil;2;4;Lando Norris;McLaren Mercedes;6;71;+8.227;19;Yes;1:12.486;2023
Brazil;3;14;Fernando Alonso;Aston Martin Aramco Mercedes;4;71;+34.155;15;No;1:14.442;2023
Brazil;4;11;Sergio Perez;Red Bull Racing Honda RBPT;9;71;+34.208;12;No;1:14.124;2023
Brazil;5;18;Lance Stroll;Aston Martin Aramco Mercedes;3;71;+40.845;10;No;1:14.007;2023
Brazil;6;55;Carlos Sainz;Ferrari;7;71;+50.188;8;No;1:14.406;2023
Brazil;7;10;Pierre Gasly;Alpine Renault;15;71;+56.093;6;No;1:14.521;2023
Brazil;8;44;Lewis Hamilton;Mercedes;5;71;+62.859;4;No;1:14.739;2023
Brazil;9;22;Yuki Tsunoda;AlphaTauri Honda RBPT;16;71;+69.880;2;No;1:14.231;2023
Brazil;10;31;Esteban Ocon;Alpine Renault;14;70;+1 lap;1;No;1:14.206;2023
Brazil;11;2;Logan Sargeant;Williams Mercedes;19;70;+1 lap;0;No;1:15.738;2023
Brazil;12;27;Nico Hulkenberg;Haas Ferrari;11;70;+1 lap;0;No;1:15.036;2023
Brazil;13;3;Daniel Ricciardo;AlphaTauri Honda RBPT;17;70;+1 lap;0;No;1:13.866;2023
Brazil;14;81;Oscar Piastri;McLaren Mercedes;10;69;+2 laps;0;No;1:14.310;2023
Brazil;NC;63;George Russell;Mercedes;8;57;DNF;0;No;1:14.934;2023
Brazil;NC;77;Valtteri Bottas;Alfa Romeo Ferrari;18;39;DNF;0;No;1:15.731;2023
Brazil;NC;24;Guanyu Zhou;Alfa Romeo Ferrari;20;22;DNF;0;No;1:16.232;2023
Brazil;NC;20;Kevin Magnussen;Haas Ferrari;12;0;DNF;0;No;;2023
Brazil;NC;23;Alexander Albon;Williams Mercedes;13;0;DNF;0;No;;2023
Brazil;NC;16;Charles Leclerc;Ferrari;2;0;DNS;0;No;;2023
Las Vegas;1;1;Max Verstappen;Red Bull Racing Honda RBPT;2;50;1:29:08.289;25;No;1:35.614;2023
Las Vegas;2;16;Charles Leclerc;Ferrari;1;50;+2.070;18;No;1:35.669;2023
Las Vegas;3;11;Sergio Perez;Red Bull Racing Honda RBPT;11;50;+2.241;15;No;1:35.939;2023
Las Vegas;4;31;Esteban Ocon;Alpine Renault;16;50;+18.665;12;No;1:36.637;2023
Las Vegas;5;18;Lance Stroll;Aston Martin Aramco Mercedes;19;50;+20.067;10;No;1:36.584;2023
Las Vegas;6;55;Carlos Sainz;Ferrari;12;50;+20.834;8;No;1:35.984;2023
Las Vegas;7;44;Lewis Hamilton;Mercedes;10;50;+21.755;6;No;1:35.716;2023
Las Vegas;8;63;George Russell;Mercedes;3;50;+23.091;4;No;1:36.071;2023
Las Vegas;9;14;Fernando Alonso;Aston Martin Aramco Mercedes;9;50;+25.964;2;No;1:36.559;2023
Las Vegas;10;81;Oscar Piastri;McLaren Mercedes;18;50;+29.496;2;Yes;1:35.490;2023
Las Vegas;11;10;Pierre Gasly;Alpine Renault;4;50;+34.270;0;No;1:36.913;2023
Las Vegas;12;23;Alexander Albon;Williams Mercedes;5;50;+43.398;0;No;1:37.357;2023
Las Vegas;13;20;Kevin Magnussen;Haas Ferrari;8;50;+44.825;0;No;1:37.455;2023
Las Vegas;14;3;Daniel Ricciardo;AlphaTauri Honda RBPT;14;50;+48.525;0;No;1:37.108;2023
Las Vegas;15;24;Guanyu Zhou;Alfa Romeo Ferrari;17;50;+50.162;0;No;1:37.375;2023
Las Vegas;16;2;Logan Sargeant;Williams Mercedes;6;50;+50.882;0;No;1:37.740;2023
Las Vegas;17;77;Valtteri Bottas;Alfa Romeo Ferrari;7;50;+85.350;0;No;1:37.562;2023
Las Vegas;18;22;Yuki Tsunoda;AlphaTauri Honda RBPT;20;46;DNF;0;No;1:37.587;2023
Las Vegas;19;27;Nico Hulkenberg;Haas Ferrari;13;45;DNF;0;No;1:37.565;2023
Las Vegas;NC;4;Lando Norris;McLaren Mercedes;15;2;DNF;0;No;1:59.327;2023
Abu Dhabi;1;1;Max Verstappen;Red Bull Racing Honda RBPT;1;58;1:27:02.624;26;Yes;1:26.993;2023
Abu Dhabi;2;16;Charles Leclerc;Ferrari;2;58;+17.993;18;No;1:28.199;2023
Abu Dhabi;3;63;George Russell;Mercedes;4;58;+20.328;15;No;1:28.187;2023
Abu Dhabi;4;11;Sergio Perez;Red Bull Racing Honda RBPT;9;58;+21.453;12;No;1:27.493;2023
Abu Dhabi;5;4;Lando Norris;McLaren Mercedes;5;58;+24.284;10;No;1:28.164;2023
Abu Dhabi;6;81;Oscar Piastri;McLaren Mercedes;3;58;+31.487;8;No;1:28.138;2023
Abu Dhabi;7;14;Fernando Alonso;Aston Martin Aramco Mercedes;7;58;+39.512;6;No;1:28.256;2023
Abu Dhabi;8;22;Yuki Tsunoda;AlphaTauri Honda RBPT;6;58;+43.088;4;No;1:29.256;2023
Abu Dhabi;9;44;Lewis Hamilton;Mercedes;11;58;+44.424;2;No;1:28.372;2023
Abu Dhabi;10;18;Lance Stroll;Aston Martin Aramco Mercedes;13;58;+55.632;1;No;1:28.050;2023
Abu Dhabi;11;3;Daniel Ricciardo;AlphaTauri Honda RBPT;15;58;+56.229;0;No;1:28.571;2023
Abu Dhabi;12;31;Esteban Ocon;Alpine Renault;12;58;+66.373;0;No;1:30.033;2023
Abu Dhabi;13;10;Pierre Gasly;Alpine Renault;10;58;+70.360;0;No;1:29.016;2023
Abu Dhabi;14;23;Alexander Albon;Williams Mercedes;14;58;+73.184;0;No;1:27.845;2023
Abu Dhabi;15;27;Nico Hulkenberg;Haas Ferrari;8;58;+83.696;0;No;1:29.217;2023
Abu Dhabi;16;2;Logan Sargeant;Williams Mercedes;20;58;+87.791;0;No;1:28.580;2023
Abu Dhabi;17;24;Guanyu Zhou;Alfa Romeo Ferrari;19;58;+89.422;0;No;1:28.746;2023
Abu Dhabi;18;55;Carlos Sainz;Ferrari;16;57;DNF;0;No;1:29.452;2023
Abu Dhabi;19;77;Valtteri Bottas;Alfa Romeo Ferrari;18;57;+1 lap;0;No;1:29.863;2023
Abu Dhabi;20;20;Kevin Magnussen;Haas Ferrari;17;57;+1 lap;0;No;1:29.934;2023